{"@module": "pymatgen.core.surface", "@class": "Slab", "charge": null, "lattice": {"matrix": [[4.06406031, 0.0, 2.4885192250916503e-16], [6.535507434162854e-16, 4.06406031, 2.4885192250916503e-16], [0.0, 0.0, 23.24972064]], "a": 4.06406031, "b": 4.06406031, "c": 23.24972064, "alpha": 90.0, "beta": 90.0, "gamma": 90.0, "volume": 384.00601515360546}, "sites": [{"species": [{"element": "Al", "occu": 1}], "abc": [3.424438704820929e-33, 0.5, 0.29166666666666663], "xyz": [3.267753717081427e-16, 2.032030155, 6.78116852], "label": "Al", "properties": {"bulk_wyckoff": "d", "bulk_equivalent": 