{"bulk": {"mp-985806": -12.12439509, "mp-23": -5.78107405, "mp-30": -4.09929227, "mp-134": -3.74810318}, "slab": {}}